date,min,max,median,q1,q3,stdev,count
2019-12-09T00:00:00.000Z,0.6,5.9,2.1,1.18,2.45,0.863,314
2019-12-10T00:00:00.000Z,0.95,9.16,1.58,1.32,3.05,1.594,409
2019-12-11T00:00:00.000Z,0.98,4.88,2.34,1.9,3.16,0.855,433
2019-12-12T00:00:00.000Z,0.65,36.75,15.44,1.92,18.05,7.788,493
2019-12-13T00:00:00.000Z,2.58,20.64,9.23,6.5,12.36,4.224,565
2019-12-14T00:00:00.000Z,2.24,16.3,6.44,3.65,10.55,3.91,399
2019-12-15T00:00:00.000Z,1.08,12.44,2.13,1.75,2.92,1.01,575
2019-12-16T00:00:00.000Z,1.45,4.3,2.2,1.92,2.9,0.65,292
2019-12-17T00:00:00.000Z,1.47,9.35,4.16,3.33,5.81,1.642,285
2019-12-18T00:00:00.000Z,0.35,7.56,1.7,1.35,2.7,1.647,467
2019-12-19T00:00:00.000Z,1.12,20.92,3.82,2.14,5.3,2.405,552
2019-12-20T00:00:00.000Z,5.09,28.15,14.43,9.69,20.84,6.078,585
2019-12-21T00:00:00.000Z,9.39,41.14,27.6,22.45,34.56,7.472,575
2019-12-22T00:00:00.000Z,1.55,9.4,4.55,3.88,5.45,1.4,586
2019-12-23T00:00:00.000Z,2.2,21.77,4.07,3,7.94,3.918,588
2019-12-24T00:00:00.000Z,3.35,56.5,7.62,6.18,10.7,4.422,588
2019-12-25T00:00:00.000Z,1.05,14.65,7.09,5.46,8.92,2.71,590
2019-12-26T00:00:00.000Z,1.12,5.4,2.45,2.04,3.28,0.925,589
2019-12-27T00:00:00.000Z,0.95,4.86,2.64,1.98,3.02,0.767,590
2019-12-28T00:00:00.000Z,1.62,6.9,3.04,2.43,3.9,0.984,589
2019-12-29T00:00:00.000Z,2.54,15.89,8.44,4.76,12.59,4.226,593
2019-12-30T00:00:00.000Z,1.48,14.95,3.99,3.2,5.12,2.994,583
2019-12-31T00:00:00.000Z,0.35,15.68,1,0.8,1.23,1.866,581
2020-01-01T00:00:00.000Z,1.1,4.33,1.71,1.48,2.61,0.802,586
2020-01-02T00:00:00.000Z,2.25,12.1,7.31,5.37,9.13,2.647,580
2020-01-03T00:00:00.000Z,0.55,7.75,1.34,1.05,2,1.395,534
2020-01-04T00:00:00.000Z,0.55,2.4,1.02,0.8,1.29,0.387,525
2020-01-05T00:00:00.000Z,0.85,4,1.45,1.25,1.69,0.406,570
2020-01-06T00:00:00.000Z,0.7,5.56,2.25,1.88,2.65,0.679,523
2020-01-07T00:00:00.000Z,0.95,13.25,4.72,2.12,6.92,3.191,515
2020-01-08T00:00:00.000Z,1.1,999.9,2.84,2.35,3.25,181.042,508
2020-01-09T00:00:00.000Z,0.85,999.9,3.49,2.65,7.04,269.208,537
2020-01-10T00:00:00.000Z,1.75,14.16,3.24,2.42,5.22,3.122,435
2020-01-11T00:00:00.000Z,0.95,7.15,2.4,1.73,3.1,1.277,530
2020-01-12T00:00:00.000Z,0.45,3.32,1.75,1.33,1.97,0.481,559
2020-01-13T00:00:00.000Z,1.4,5.75,2.42,2.1,2.82,0.589,480
2020-01-14T00:00:00.000Z,1.82,14.32,4.25,2.52,5.73,2.442,440
2020-01-15T00:00:00.000Z,0.65,6.15,1.52,1.27,2.38,1.074,463
2020-01-16T00:00:00.000Z,0.86,4.95,3.25,2.54,3.76,0.999,484
2020-01-17T00:00:00.000Z,1.95,18.45,7.69,2.75,12.48,4.909,471
2020-01-18T00:00:00.000Z,0.6,24.25,10.9,1.53,16.13,7.059,497
2020-01-19T00:00:00.000Z,0.6,4.68,1.14,1.03,1.48,0.556,473
2020-01-20T00:00:00.000Z,0.9,3.73,1.83,1.6,2.31,0.628,369
2020-01-21T00:00:00.000Z,0.6,3.98,1.46,1.07,2.82,0.923,457
2020-01-22T00:00:00.000Z,0.67,0.94,0.78,0.73,0.85,0.072,14
2020-01-23T00:00:00.000Z,0.9,2.64,1.4,1.19,1.61,0.315,84
2020-01-24T00:00:00.000Z,0.95,3.3,1.52,1.38,1.74,0.299,270
2020-01-25T00:00:00.000Z,0.77,4.2,1.25,1.05,1.88,0.787,298
2020-01-26T00:00:00.000Z,1.02,3.45,1.56,1.34,2.12,0.484,307
2020-01-27T00:00:00.000Z,2.58,18.05,5.83,4.43,7.5,2.999,257
2020-01-28T00:00:00.000Z,3.14,15.04,7.48,6.39,8.72,2.561,276
2020-01-29T00:00:00.000Z,1.1,10.1,3.46,1.9,5.65,2.114,314
2020-01-30T00:00:00.000Z,1.23,9.3,4.53,3.34,5.58,1.717,295
2020-01-31T00:00:00.000Z,0.6,6.18,1.55,0.95,3.2,1.446,287
2020-02-01T00:00:00.000Z,0.5,5.57,2.18,1.8,2.62,0.758,327
2020-02-02T00:00:00.000Z,0.4,2.77,0.82,0.66,1.1,0.419,328
2020-02-03T00:00:00.000Z,0.4,13.83,1.09,0.61,3.6,2.701,316
2020-02-04T00:00:00.000Z,0.85,11.52,1.8,1.35,3.5,2.324,254
2020-02-05T00:00:00.000Z,0.62,1.9,0.97,0.85,1.15,0.224,238
2020-02-06T00:00:00.000Z,0.4,3.78,1.29,0.76,2.13,0.909,232
2020-02-07T00:00:00.000Z,1.2,6.05,3.25,2.4,3.9,1.09,215
2020-02-08T00:00:00.000Z,1.12,6.13,3.14,2.02,3.86,1.257,197
2020-02-09T00:00:00.000Z,4.16,18.13,9.77,7.61,12.47,3.143,360
2020-02-10T00:00:00.000Z,0.6,6.2,1.74,1.46,2.15,1.04,354
2020-02-11T00:00:00.000Z,1.06,6.76,2.18,1.94,2.42,0.478,349
2020-02-12T00:00:00.000Z,0.75,3.6,1.27,1.05,2.64,0.845,384
2020-02-13T00:00:00.000Z,0.7,7.06,1,0.92,1.5,0.771,375
2020-02-14T00:00:00.000Z,0.7,129.44,1.85,1.6,2.45,8.039,388
2020-02-15T00:00:00.000Z,1.45,11.42,4.25,2.4,6.31,2.225,332
2020-02-16T00:00:00.000Z,0.68,14.45,3.2,1.73,4.68,3.021,377
2020-02-17T00:00:00.000Z,0.57,3.56,1.97,1.61,2.5,0.74,350
2020-02-18T00:00:00.000Z,0.95,4.16,2.56,1.92,3.08,0.731,306
2020-02-19T00:00:00.000Z,0.82,3.46,1.68,1.2,2,0.476,450
2020-02-20T00:00:00.000Z,0.66,6.95,1.9,1.58,2.67,1.276,504
2020-02-21T00:00:00.000Z,0.8,10.23,2.4,1.38,3.21,2.634,417
2020-02-22T00:00:00.000Z,0.4,2.54,1.3,0.97,1.58,0.405,424
2020-02-23T00:00:00.000Z,0.55,3.84,1.24,0.92,1.68,0.612,447
2020-02-24T00:00:00.000Z,0.62,9,1.2,0.95,3.76,2.1,513
2020-02-25T00:00:00.000Z,0.6,4.43,1.46,1.22,2.5,0.808,455
2020-02-26T00:00:00.000Z,0.66,2.29,1,0.94,1.1,0.171,383
2020-02-27T00:00:00.000Z,0.7,2.77,1.55,1.14,1.98,0.489,541
2020-02-28T00:00:00.000Z,0.95,6.3,1.53,1.36,1.8,0.803,556
2020-02-29T00:00:00.000Z,1.15,10.52,2.35,1.72,4.01,2.003,570
2020-03-01T00:00:00.000Z,1.45,10.76,2.38,2.04,2.74,1.588,575
2020-03-02T00:00:00.000Z,1.38,5.43,2.44,2.13,2.72,0.656,447
2020-03-03T00:00:00.000Z,2.54,19.04,6.42,5.68,7.9,2.906,417
2020-03-04T00:00:00.000Z,0.55,16.64,1.23,1.04,1.7,3.002,584
2020-03-05T00:00:00.000Z,0.55,2.82,1.48,1.2,1.75,0.425,587
2020-03-06T00:00:00.000Z,0.53,10.84,1.8,1.1,2.54,1.626,590
2020-03-07T00:00:00.000Z,2.37,16.76,7.5,4.96,8.5,2.896,591
2020-03-08T00:00:00.000Z,4.41,13.7,9.55,8.44,10.67,1.971,590
2020-03-09T00:00:00.000Z,1.28,14.74,6.08,3,9,3.346,582
2020-03-10T00:00:00.000Z,1.1,16.5,5.01,3.62,9.32,3.765,586
2020-03-11T00:00:00.000Z,0.4,4.4,2.06,1.12,2.7,0.919,579
2020-03-12T00:00:00.000Z,0.72,3.12,1.7,1.42,2.13,0.5,486
2020-03-13T00:00:00.000Z,0.4,8.68,0.95,0.8,1.2,0.752,502
2020-03-14T00:00:00.000Z,0.26,10.52,0.77,0.62,1.53,1.405,529
2020-03-15T00:00:00.000Z,2.76,6.89,4.3,3.51,5.01,0.997,288
2020-03-16T00:00:00.000Z,0.72,6.5,1.95,1.23,4.4,1.734,566
2020-03-17T00:00:00.000Z,1.03,3.92,1.9,1.55,2.54,0.644,531
2020-03-18T00:00:00.000Z,0.5,3.86,1.65,1,2.8,0.927,490
2020-03-19T00:00:00.000Z,0.78,2.57,1.45,1.17,1.76,0.37,552
2020-03-20T00:00:00.000Z,0.75,4.12,1.45,1.23,2.02,0.756,468
2020-03-21T00:00:00.000Z,0.74,4.05,1.25,1.05,1.58,0.516,490
2020-03-22T00:00:00.000Z,0.8,15.05,1.27,1.08,2.13,1.087,452
2020-03-23T00:00:00.000Z,0.77,4.23,1.58,1.1,1.76,0.412,436
2020-03-24T00:00:00.000Z,1.86,7.37,2.8,2.46,3.11,0.532,429
2020-03-25T00:00:00.000Z,2.25,6.26,3.75,3.42,4.95,0.957,412
2020-03-26T00:00:00.000Z,3.7,11.77,7.52,6.77,8.82,1.685,413
2020-03-27T00:00:00.000Z,5.93,9.84,7.84,7.34,8.41,0.768,358
2020-03-28T00:00:00.000Z,0.7,1.94,1.25,1.04,1.38,0.245,176
2020-03-29T00:00:00.000Z,0.6,3.56,0.95,0.82,1.14,0.548,333
2020-03-30T00:00:00.000Z,0.65,1.6,0.94,0.83,1.1,0.182,133
2020-03-31T00:00:00.000Z,0.7,2.54,1.22,1.02,1.44,0.384,314
2020-04-01T00:00:00.000Z,0.56,2.6,1.23,1.06,1.48,0.336,191
2020-04-02T00:00:00.000Z,0.4,3.58,1.7,1.3,2.24,0.639,398
2020-04-03T00:00:00.000Z,0.48,4.45,0.95,0.8,1.18,0.452,441
2020-04-04T00:00:00.000Z,0.78,3.76,1.2,1.05,1.5,0.512,520
2020-04-05T00:00:00.000Z,0.94,14.47,2.24,1.64,4.22,2.843,534
2020-04-06T00:00:00.000Z,2.84,12.98,5.43,4.43,7.69,2.435,506
2020-04-07T00:00:00.000Z,1.96,18.1,8.48,3.07,11.08,4.514,421
2020-04-08T00:00:00.000Z,2.04,4,2.6,2.42,2.8,0.286,404
2020-04-09T00:00:00.000Z,0.6,3.74,1.07,0.8,2.8,1.035,218
2020-04-14T00:00:00.000Z,0.5,1.2,0.75,0.7,0.95,0.165,205
2020-04-15T00:00:00.000Z,0.55,2.82,1.12,0.92,1.54,0.536,419
2020-04-16T00:00:00.000Z,0.44,2.1,0.91,0.7,1.1,0.286,432
2020-04-17T00:00:00.000Z,0.55,2.63,0.9,0.78,1.05,0.262,501
2020-04-18T00:00:00.000Z,0.56,7.17,1.21,0.99,1.65,1.035,588
2020-04-19T00:00:00.000Z,0.68,3.72,1.07,0.95,1.53,0.682,574
2020-04-20T00:00:00.000Z,0.8,3.52,1.15,1.02,1.48,0.575,515
2020-04-21T00:00:00.000Z,0.76,2.27,1.25,1.1,1.44,0.254,378
2020-04-22T00:00:00.000Z,0.84,2.54,1.2,1.12,1.35,0.232,435
2020-04-23T00:00:00.000Z,0.84,1.98,1.22,1.07,1.42,0.217,481
2020-04-24T00:00:00.000Z,0.5,1.65,0.8,0.72,1.1,0.231,554
2020-04-25T00:00:00.000Z,0.45,2.06,0.85,0.7,0.97,0.241,518
2020-04-26T00:00:00.000Z,0.4,3.75,1.32,0.95,1.62,0.586,564
2020-04-27T00:00:00.000Z,0.8,3.58,1.45,1.28,1.95,0.5,533
2020-04-28T00:00:00.000Z,1,3.24,1.5,1.35,1.86,0.434,413
2020-04-29T00:00:00.000Z,1.08,7.9,1.74,1.51,2.12,0.765,524
2020-04-30T00:00:00.000Z,1.6,8.69,3.61,2.45,4.96,1.433,549
2020-05-01T00:00:00.000Z,2.7,12.72,5.78,4.4,9.27,2.744,563
2020-05-02T00:00:00.000Z,0.85,19.96,1.75,1.17,2.69,2.089,540
2020-05-03T00:00:00.000Z,0.75,3.35,1.7,1.2,2.06,0.514,577
2020-05-04T00:00:00.000Z,0.86,4.4,1.41,1.21,1.92,0.565,540
2020-05-05T00:00:00.000Z,0.8,2.92,1.3,1.1,1.94,0.52,493
2020-05-06T00:00:00.000Z,0.8,3.3,1.32,1.09,1.54,0.435,584
2020-05-07T00:00:00.000Z,0.63,2.25,1.12,0.97,1.26,0.213,387
2020-05-08T00:00:00.000Z,1.03,4.73,2.7,2.13,3.18,0.798,338
2020-05-09T00:00:00.000Z,0.7,3.83,1.05,0.9,1.29,0.619,329
2020-05-10T00:00:00.000Z,0.45,10.25,3.15,2.15,6.18,2.382,247
2020-05-11T00:00:00.000Z,0.5,2.25,0.97,0.8,1.15,0.269,359
2020-05-12T00:00:00.000Z,0.6,1.95,0.95,0.85,1.1,0.21,465
2020-05-13T00:00:00.000Z,0.3,3.03,1.05,0.82,1.25,0.502,451
2020-05-14T00:00:00.000Z,0.7,2.45,1.14,1,1.45,0.355,437
2020-05-15T00:00:00.000Z,0.7,2.95,1.18,1.01,1.3,0.225,533
2020-05-16T00:00:00.000Z,0.68,2.48,1,0.9,1.1,0.23,342
2020-05-17T00:00:00.000Z,0.43,7.08,1.11,0.68,1.67,0.746,548
2020-05-18T00:00:00.000Z,0.35,2.82,0.75,0.52,1.4,0.552,470
2020-05-19T00:00:00.000Z,0.62,2.64,1.15,0.9,1.6,0.462,546
2020-05-20T00:00:00.000Z,0.72,2.13,1.14,1,1.39,0.272,536
2020-05-21T00:00:00.000Z,0.75,5.94,1.28,1.05,1.78,0.928,521
2020-05-22T00:00:00.000Z,0.86,4.15,2.08,1.75,2.49,0.612,555
2020-05-23T00:00:00.000Z,1.2,9.97,2.23,1.9,3.54,1.354,513
2020-05-24T00:00:00.000Z,1.5,10.47,3,2.37,3.87,1.063,544
2020-05-25T00:00:00.000Z,1.33,6.57,2.1,1.83,2.7,1.008,549
2020-05-26T00:00:00.000Z,1.2,6.23,1.9,1.7,2.43,0.794,507
2020-05-27T00:00:00.000Z,0.87,5.03,1.93,1.6,2.29,0.495,532
2020-05-28T00:00:00.000Z,0.5,2.63,1.12,0.83,1.47,0.455,553
2020-05-29T00:00:00.000Z,0.6,3.23,1.17,0.97,1.5,0.356,550
2020-05-30T00:00:00.000Z,0.4,3.63,0.84,0.7,1.03,0.408,556
2020-05-31T00:00:00.000Z,0.43,4.76,0.8,0.7,0.9,0.374,506
2020-06-01T00:00:00.000Z,0.6,5.9,1.3,1.1,1.6,0.549,491
2020-06-02T00:00:00.000Z,0.8,2.9,1.4,1.25,1.6,0.38,543
2020-06-03T00:00:00.000Z,0.93,4.63,1.8,1.4,2.29,0.877,461
2020-06-04T00:00:00.000Z,1.3,6.63,2.97,2.27,3.53,0.877,544
2020-06-05T00:00:00.000Z,2.27,9.93,3.83,3.17,4.57,0.97,444
2020-06-06T00:00:00.000Z,0.6,17.03,1.49,1,2.42,1.596,488
2020-06-07T00:00:00.000Z,0.9,5.9,1.5,1.2,1.9,0.723,555
2020-06-08T00:00:00.000Z,0.9,21.33,1.5,1.3,1.97,1.027,545
2020-06-09T00:00:00.000Z,0.9,23.73,1.7,1.4,2.43,1.388,498
2020-06-10T00:00:00.000Z,0.6,3.03,0.97,0.83,1.1,0.496,544
2020-06-11T00:00:00.000Z,0.6,4.83,1,0.9,1.12,0.284,569
2020-06-12T00:00:00.000Z,0.9,104.43,2.06,1.8,2.29,6.19,578
2020-06-13T00:00:00.000Z,0.95,5.53,1.7,1.45,1.93,0.493,551
2020-06-14T00:00:00.000Z,0.9,7.95,1.6,1.4,1.8,0.545,345
2020-06-15T00:00:00.000Z,1.1,9.77,1.65,1.48,2.06,0.776,567
2020-06-16T00:00:00.000Z,1.33,6.9,2.27,1.97,2.77,0.864,570
2020-06-17T00:00:00.000Z,2.06,6.1,3.63,2.97,4.17,0.74,551
2020-06-18T00:00:00.000Z,2.4,7.6,3.22,3,3.97,1.06,502
2020-06-19T00:00:00.000Z,1.55,13.88,3.47,2.58,4,1.141,490
2020-06-20T00:00:00.000Z,1.3,7.57,4.32,3.2,5.4,1.657,586
2020-06-21T00:00:00.000Z,1.08,3.37,1.83,1.6,2.02,0.311,587
2020-06-22T00:00:00.000Z,1.2,2.8,1.9,1.7,2.08,0.26,555
2020-06-23T00:00:00.000Z,1.53,4,2.22,2.06,2.52,0.435,571
2020-06-24T00:00:00.000Z,2.22,4.83,3,2.72,3.3,0.5,592
2020-06-25T00:00:00.000Z,1.37,4.95,3.5,2.6,4.17,0.919,573
2020-06-26T00:00:00.000Z,2,7.37,2.87,2.63,3.28,0.693,567
2020-06-27T00:00:00.000Z,2.4,6.67,3.42,2.97,4.59,1.034,521
2020-06-28T00:00:00.000Z,3.53,9.8,4.82,4.4,5.3,1.142,441
2020-06-29T00:00:00.000Z,0.9,9,2.13,1.8,4.4,1.97,487
2020-06-30T00:00:00.000Z,0.67,4.67,1.6,1.3,1.87,0.513,466
2020-07-01T00:00:00.000Z,0.63,2.17,1.3,1.1,1.4,0.229,463
2020-07-02T00:00:00.000Z,0.8,2.37,1.3,1.11,1.48,0.232,456
2020-07-03T00:00:00.000Z,0.56,2.6,1,0.8,1.3,0.356,472
2020-07-04T00:00:00.000Z,0.4,3,1.1,0.9,1.4,0.384,496
2020-07-05T00:00:00.000Z,1.1,15.93,1.9,1.6,2.23,1.276,477
2020-07-06T00:00:00.000Z,0.7,2.27,1.3,1.15,1.43,0.255,284
2020-07-07T00:00:00.000Z,0.37,1.6,0.7,0.6,0.87,0.168,423
2020-07-08T00:00:00.000Z,0.5,2,0.9,0.8,1.1,0.239,444
2020-07-09T00:00:00.000Z,0.3,2.2,0.8,0.6,1,0.317,475
2020-07-10T00:00:00.000Z,0.7,4.2,1.2,1,1.54,0.406,425
2020-07-11T00:00:00.000Z,0.6,10.17,1.3,1,1.6,0.99,341
2020-07-12T00:00:00.000Z,0.6,1.73,1.1,0.95,1.2,0.195,402
2020-07-13T00:00:00.000Z,0.5,3.9,1.1,0.9,1.6,0.616,386
2020-07-14T00:00:00.000Z,1.23,2.9,1.87,1.6,2.1,0.327,443
2020-07-15T00:00:00.000Z,1.23,4.47,1.87,1.6,2.7,0.705,355
2020-07-16T00:00:00.000Z,1.1,10.17,1.7,1.5,3.87,1.652,331
2020-07-17T00:00:00.000Z,0.9,4.55,1.6,1.48,1.9,0.359,493
2020-07-18T00:00:00.000Z,1,8.43,2,1.6,2.5,0.862,459
2020-07-19T00:00:00.000Z,1.48,6,4.01,1.99,4.69,1.352,148
2020-07-20T00:00:00.000Z,0.93,6.57,2.41,1.7,3.43,1.223,170
2020-07-21T00:00:00.000Z,0.4,5.9,0.9,0.6,1.1,0.417,264
2020-07-22T00:00:00.000Z,0.3,1.43,0.53,0.5,0.6,0.119,276
2020-07-23T00:00:00.000Z,0.2,0.97,0.43,0.4,0.5,0.108,301
2020-07-24T00:00:00.000Z,0.2,1.52,0.6,0.5,0.7,0.21,388
2020-07-25T00:00:00.000Z,0.4,2.93,0.8,0.6,1.6,0.745,82
2020-07-26T00:00:00.000Z,0.62,3.97,1.27,1,1.9,0.621,452
2020-07-27T00:00:00.000Z,1.3,6.63,2.5,2.1,3,0.767,283
2020-07-28T00:00:00.000Z,1.37,9.36,2.7,2.1,4.57,1.674,419
2020-07-29T00:00:00.000Z,0.7,17.47,1.33,1.1,2.29,2.463,334
2020-07-30T00:00:00.000Z,0.8,2.77,1.4,1.1,1.7,0.461,367
2020-07-31T00:00:00.000Z,1,6.5,2.1,1.44,3.63,1.416,349
2020-08-01T00:00:00.000Z,1.3,6.73,2.47,2,4.43,1.525,359
2020-08-02T00:00:00.000Z,0.9,4.73,2.62,2,3.79,1,328
2020-08-03T00:00:00.000Z,0.6,2.97,1.5,1.17,1.9,0.445,343
2020-08-04T00:00:00.000Z,0.3,5.07,0.8,0.56,1.1,0.391,403
2020-08-05T00:00:00.000Z,0.7,2.7,1.3,1.1,1.4,0.22,397
2020-08-06T00:00:00.000Z,1.14,3.7,1.73,1.6,2.1,0.545,333
2020-08-07T00:00:00.000Z,0.88,4.03,2.1,1.67,2.83,0.76,419
2020-08-08T00:00:00.000Z,1.37,8.43,2,1.73,3.26,1.439,372
2020-08-09T00:00:00.000Z,1,5.77,2.08,1.65,4.12,1.387,439
2020-08-10T00:00:00.000Z,0.8,6,1.2,1.07,1.4,0.406,414
2020-08-11T00:00:00.000Z,0.8,2.63,1.4,1.17,1.8,0.376,440
2020-08-12T00:00:00.000Z,1.07,4.9,1.52,1.4,1.8,0.35,455
2020-08-13T00:00:00.000Z,1.57,25.4,3.2,2.7,3.7,1.481,455
2020-08-14T00:00:00.000Z,2.33,8.36,4.03,3.4,4.9,1.095,389
2020-08-15T00:00:00.000Z,2.8,6.87,4.5,3.5,5.07,0.968,464
2020-08-16T00:00:00.000Z,0.62,8.63,3.5,1.1,6.97,2.865,457
2020-08-17T00:00:00.000Z,1,6.5,3.7,3.05,4.7,1.335,455
2020-08-18T00:00:00.000Z,2,5.23,3.25,2.77,4.05,0.757,432
2020-08-19T00:00:00.000Z,1.7,9.6,3.12,2.57,3.75,1.286,441
2020-08-20T00:00:00.000Z,1.67,6.5,2.4,2.17,2.65,0.798,459
2020-08-21T00:00:00.000Z,1.85,10.27,3.75,3.11,4.57,1.493,444
2020-08-22T00:00:00.000Z,1.33,7.22,3.3,2.06,4.26,1.275,394
2020-08-23T00:00:00.000Z,1.14,3.3,1.63,1.5,2,0.411,413
2020-08-24T00:00:00.000Z,0.6,3.07,1.1,0.83,1.8,0.553,340
2020-08-25T00:00:00.000Z,0.53,1.97,0.9,0.8,1,0.171,384
2020-08-26T00:00:00.000Z,0.4,2.29,0.9,0.7,1.1,0.288,390
2020-08-27T00:00:00.000Z,0.4,2.9,0.83,0.7,1.5,0.586,441
2020-08-28T00:00:00.000Z,0.4,7.23,1.1,0.7,1.7,1.097,399
2020-08-29T00:00:00.000Z,0.8,3.53,1.6,1.33,2,0.439,422
2020-08-30T00:00:00.000Z,0.9,3.9,1.59,1.21,2.5,0.803,340
2020-08-31T00:00:00.000Z,0.4,2.5,0.9,0.7,1.33,0.472,395
2020-09-01T00:00:00.000Z,1.2,4.2,1.97,1.59,2.25,0.454,345
2020-09-02T00:00:00.000Z,1.1,3.6,2.29,1.9,2.67,0.529,463
2020-09-03T00:00:00.000Z,1.6,7.83,4.57,3.77,5.7,1.38,458
2020-09-04T00:00:00.000Z,1.2,4.97,2.1,1.6,3.1,0.87,482
2020-09-05T00:00:00.000Z,0.87,4,1.7,1.33,2.13,0.483,482
2020-09-06T00:00:00.000Z,0.5,2.52,1.1,0.9,1.43,0.397,475
2020-09-07T00:00:00.000Z,0.4,3.27,1,0.7,1.23,0.495,441
2020-09-08T00:00:00.000Z,0.6,2.83,1.1,0.9,1.37,0.372,383
2020-09-09T00:00:00.000Z,0.3,4.17,2.33,1.13,2.7,0.924,405
2020-09-10T00:00:00.000Z,0.3,2.2,0.5,0.5,0.7,0.313,348
2020-09-11T00:00:00.000Z,0.53,3.6,1.1,0.8,1.57,0.601,313
2020-09-12T00:00:00.000Z,1.6,5.2,3.17,2.7,3.63,0.736,302
2020-09-13T00:00:00.000Z,0.9,3.9,2.27,1.5,2.7,0.704,355
2020-09-14T00:00:00.000Z,0.5,3.2,1.9,1.1,2.31,0.676,280
2020-09-15T00:00:00.000Z,2.1,22.37,4.37,3.39,4.98,2.076,249
2020-09-16T00:00:00.000Z,0.3,1.1,0.5,0.5,0.6,0.156,37
2020-09-17T00:00:00.000Z,0.33,2.6,0.7,0.6,0.77,0.226,151
2020-09-18T00:00:00.000Z,0.7,8.9,1.12,1,1.3,0.751,326
2020-09-19T00:00:00.000Z,0.67,8,1.27,1.1,1.9,1.624,311
2020-09-20T00:00:00.000Z,1.03,2.97,2.1,1.81,2.35,0.431,232
2020-09-21T00:00:00.000Z,1.6,4.2,2.29,1.97,2.7,0.565,217
2020-09-22T00:00:00.000Z,1.23,17.57,1.9,1.63,3.9,2.055,343
2020-09-23T00:00:00.000Z,3.7,21.6,6.23,5.09,10.02,4.273,446
2020-09-24T00:00:00.000Z,5.5,27.97,12.52,9.36,17.6,5.05,466
2020-09-25T00:00:00.000Z,1.43,15.83,4.23,2.7,6.23,2.888,350
2020-09-26T00:00:00.000Z,9.9,22.73,12.9,11.79,14.18,2.089,273
2020-09-27T00:00:00.000Z,5.4,19.07,12.22,10.07,14.67,3.364,230
2020-09-28T00:00:00.000Z,4.33,16.93,9.17,5.9,12.5,3.591,269
2020-09-29T00:00:00.000Z,1.53,14,3.3,2.67,6.37,2.262,260
2020-09-30T00:00:00.000Z,1.77,12.17,4.9,3.3,7.25,2.383,393
2020-10-01T00:00:00.000Z,3.4,10.23,7.03,4.3,8.4,2.065,295
2020-10-02T00:00:00.000Z,5.83,19.97,12.8,8.89,14.52,3.207,257
2020-10-03T00:00:00.000Z,6.7,27.2,16.1,12.7,19.43,4.856,239
2020-10-04T00:00:00.000Z,7.3,24.5,17.75,14.22,20.59,3.628,316
2020-10-05T00:00:00.000Z,0.9,9.67,2.6,1.4,4.59,2.169,321
2020-10-06T00:00:00.000Z,1.77,25.9,4.13,2.9,8.93,5.81,335
2020-10-07T00:00:00.000Z,1.4,6.4,2.49,2,2.8,0.659,328
2020-10-08T00:00:00.000Z,1.2,3.57,1.8,1.6,2.27,0.519,318
2020-10-09T00:00:00.000Z,0.8,4.33,1.47,1.2,1.9,0.62,329
2020-10-10T00:00:00.000Z,0.8,22.83,2.2,1.6,3.3,2.91,411
2020-10-11T00:00:00.000Z,0.8,7.43,1.52,1.29,2.13,1.107,428
2020-10-12T00:00:00.000Z,0.5,9.57,1.29,0.9,1.53,0.906,346
2020-10-13T00:00:00.000Z,0.6,17.77,1.07,0.9,1.33,1.217,404
2020-10-14T00:00:00.000Z,0.5,7.33,0.9,0.8,1.07,0.476,388
2020-10-15T00:00:00.000Z,0.56,4,0.9,0.8,1.03,0.632,392
2020-10-16T00:00:00.000Z,0.4,23.8,0.9,0.7,5.3,4.368,427
2020-10-17T00:00:00.000Z,0.77,11.4,2.2,1.4,3.8,1.919,418
2020-10-18T00:00:00.000Z,0.4,2.73,0.7,0.6,0.83,0.235,429
2020-10-19T00:00:00.000Z,0.37,4,0.73,0.6,1.2,0.604,429
2020-10-20T00:00:00.000Z,0.6,12.67,1.62,1.33,2.9,1.796,438
2020-10-21T00:00:00.000Z,5.7,20.32,10.5,7.87,13.59,3.122,429
2020-10-22T00:00:00.000Z,0.6,10.5,2.6,1.4,4.2,2.076,411
2020-10-23T00:00:00.000Z,0.23,9.47,1.5,0.9,4.72,2.52,397
2020-10-24T00:00:00.000Z,0.9,9.13,2.1,1.63,2.5,0.974,414
2020-10-25T00:00:00.000Z,0.6,11.7,4.8,2.23,5.93,2.326,459
2020-10-26T00:00:00.000Z,1.1,34.7,5.53,2.43,11.83,7.801,453
2020-10-27T00:00:00.000Z,1.4,31.67,3.2,2.2,4.53,7.063,450
2020-10-28T00:00:00.000Z,1.5,11.2,3.2,2.57,4.09,1.107,464
2020-10-29T00:00:00.000Z,2.13,8.73,3.53,2.97,4.17,1.014,279
2020-11-02T00:00:00.000Z,0.63,7.27,2.1,1.75,4.17,1.577,261
2020-11-03T00:00:00.000Z,0.7,3,1.53,1.37,1.8,0.352,454
2020-11-04T00:00:00.000Z,1.2,3.9,2.1,1.9,2.47,0.451,337
2020-11-05T00:00:00.000Z,0.7,4.13,1.47,1.2,1.77,0.465,295
2020-11-06T00:00:00.000Z,0.6,3.93,1.07,0.89,1.5,0.555,321
2020-11-07T00:00:00.000Z,0.9,5.37,1.82,1.47,2.54,0.759,388
2020-11-08T00:00:00.000Z,0.9,8.6,1.6,1.27,3.1,1.933,354
2020-11-09T00:00:00.000Z,1.4,13.27,2.29,2,4.43,2.668,283
2020-11-10T00:00:00.000Z,2,7.23,3.5,3.05,4.3,1.004,340
2020-11-11T00:00:00.000Z,2.29,20.13,6.43,3.6,11.39,3.829,344
2020-11-12T00:00:00.000Z,10.23,25.73,16.72,12.13,20.13,4.437,286
2020-11-13T00:00:00.000Z,4.73,17.27,9.6,7.35,11.17,2.4,313
2020-11-14T00:00:00.000Z,2.37,15.67,6.27,5.13,7.7,2.524,339
2020-11-15T00:00:00.000Z,5.57,35.4,10.8,7.6,19.05,7.945,289
2020-11-16T00:00:00.000Z,3.03,33,15.22,9.43,21.1,8.526,284
2020-11-17T00:00:00.000Z,0.83,3.6,1.93,1.67,2.5,0.546,315
2020-11-18T00:00:00.000Z,0.5,3.6,1.2,0.87,1.9,0.704,370
2020-11-19T00:00:00.000Z,0.4,5.2,1.6,0.8,2.94,1.281,368
2020-11-20T00:00:00.000Z,0.5,7.27,0.93,0.8,1.83,1.405,366
2020-11-21T00:00:00.000Z,0.7,5.03,1.83,1.37,2.33,0.784,315
2020-11-22T00:00:00.000Z,0.6,3.37,2.1,1.8,2.4,0.563,309
2020-11-23T00:00:00.000Z,0.5,2.27,0.9,0.8,1,0.217,275
2020-11-24T00:00:00.000Z,0.6,8.27,2.1,1.17,2.8,1.368,289
2020-11-25T00:00:00.000Z,0.9,8.33,3.87,2.93,4.43,1.409,298
2020-11-26T00:00:00.000Z,1.1,12.2,4.7,2,7.43,3.049,289
2020-11-27T00:00:00.000Z,0.7,4.37,1.3,1.1,2,0.627,278
2020-11-28T00:00:00.000Z,1.47,5.07,2.5,2,3.13,0.767,282
2020-11-29T00:00:00.000Z,2.7,10.27,4.5,3.49,6.75,1.879,289
2020-11-30T00:00:00.000Z,1.9,12,5.25,3.83,6.87,2.422,262
2020-12-01T00:00:00.000Z,2.37,10.7,4.63,3.3,7.2,2.088,227
2020-12-02T00:00:00.000Z,1.93,15.3,6.87,4.5,8.44,3.123,225
2020-12-03T00:00:00.000Z,5.93,13.9,8.97,7.63,10.3,1.736,231
2020-12-04T00:00:00.000Z,1.5,14.07,5.05,3.83,8.36,2.837,270
2020-12-05T00:00:00.000Z,7.97,22.17,16.89,15.47,17.73,2.691,250
2020-12-06T00:00:00.000Z,9.27,27.2,18.3,13.6,21.9,4.463,344
2020-12-07T00:00:00.000Z,3.97,17.63,5.8,4.8,11.03,4.135,290
2020-12-08T00:00:00.000Z,4.8,11.4,6.79,6.07,8.07,1.447,284
2020-12-09T00:00:00.000Z,3.83,14.9,8.05,5.37,9.8,2.568,258
2020-12-10T00:00:00.000Z,6,14.2,9.47,7.43,10.97,1.916,264
2020-12-11T00:00:00.000Z,2.02,20.23,9,7.63,11.77,3.639,315
2020-12-12T00:00:00.000Z,5.17,21.43,10.02,8.1,12.73,3.115,322
2020-12-13T00:00:00.000Z,1.7,20.57,7.32,4.73,15.87,5.604,302
2020-12-14T00:00:00.000Z,3.43,11.5,5.17,4.76,5.6,1.196,286
2020-12-15T00:00:00.000Z,4.4,14.43,8.85,7.67,11.04,2.267,308
2020-12-16T00:00:00.000Z,1.1,15.83,1.92,1.53,3,3.284,310
2020-12-17T00:00:00.000Z,1.53,5.7,3.5,2.9,4.33,0.899,280
2020-12-18T00:00:00.000Z,0.4,11.63,2.22,1.1,3.9,1.871,306
2020-12-19T00:00:00.000Z,4.43,11.83,7.3,6.43,8.3,1.413,290
2020-12-20T00:00:00.000Z,3.17,23.07,11.64,8.13,14.62,4.833,304
2020-12-21T00:00:00.000Z,2.1,6.2,3.87,3.42,4.4,0.82,297
2020-12-22T00:00:00.000Z,1.3,11.7,4.03,3.13,5.74,2.142,285
2020-12-23T00:00:00.000Z,0.7,7.37,1.6,1.3,1.9,0.728,301
2020-12-24T00:00:00.000Z,1.03,14.73,1.9,1.57,2.7,1.276,281
2020-12-25T00:00:00.000Z,0.6,2.73,1.2,0.97,1.9,0.508,306
2020-12-26T00:00:00.000Z,1.12,23.03,2.29,2,2.8,2.711,294
2020-12-27T00:00:00.000Z,1.67,8.77,4.09,2.57,5,1.647,299
2020-12-28T00:00:00.000Z,2.13,9.6,6.62,5.2,7.83,1.769,296
2020-12-29T00:00:00.000Z,1.77,12,5.33,3.72,8.39,2.536,289
2020-12-30T00:00:00.000Z,0.8,14.53,2.7,1.6,6.73,3.124,291
2020-12-31T00:00:00.000Z,1.8,102.07,3.7,2.9,5.7,10.078,305
2021-01-01T00:00:00.000Z,2.2,102.93,6.6,4.69,20.75,15.91,293
2021-01-02T00:00:00.000Z,1.67,12.77,3.6,3.03,5.57,2.13,266
2021-01-03T00:00:00.000Z,0.6,2.6,1.83,1.4,2.02,0.437,255
2021-01-04T00:00:00.000Z,1.6,5.2,3.69,2.7,4.09,0.971,238
2021-01-05T00:00:00.000Z,1.43,4.5,2.6,2.29,2.97,0.545,262
2021-01-06T00:00:00.000Z,1.2,5.2,3.39,2.8,4,0.831,248
2021-01-07T00:00:00.000Z,1.9,5.8,3.47,2.6,4.5,1.01,262
2021-01-08T00:00:00.000Z,2.23,10.02,4.42,3.4,6.35,1.85,288
2021-01-09T00:00:00.000Z,4.37,22.5,6.57,5.33,9.77,4.854,288
2021-01-10T00:00:00.000Z,1.3,9.97,2.8,2.22,3.6,1.47,284
2021-01-11T00:00:00.000Z,0.8,12.77,1.82,1.4,2.77,1.442,258
2021-01-12T00:00:00.000Z,0.6,25.33,3.34,1.3,4.63,2.875,272
2021-01-13T00:00:00.000Z,0.7,11.53,4.53,1.77,6.8,2.993,255
2021-01-14T00:00:00.000Z,2.5,10.37,5.37,3.4,6.37,2.001,255
2021-01-15T00:00:00.000Z,1.8,6.6,2.9,2.6,3.2,0.633,278
2021-01-16T00:00:00.000Z,1.47,4.59,2.37,2.1,2.8,0.572,257
2021-01-17T00:00:00.000Z,2.23,18.23,3.9,3.2,5.49,2.289,240
2021-01-18T00:00:00.000Z,2.29,10.97,5.19,4.43,6.6,1.732,230
2021-01-19T00:00:00.000Z,4.93,18.82,8.83,7.27,11.3,3.033,211
2021-01-20T00:00:00.000Z,5.8,30,15.27,9.8,21.87,6.858,263
2021-01-21T00:00:00.000Z,1.7,17.87,5.03,3.42,6.84,3.125,245
2021-01-22T00:00:00.000Z,0.56,12.07,2.63,2.1,4.09,2.341,257
2021-01-23T00:00:00.000Z,1.1,27.33,2.73,2.1,4.7,2.554,259
2021-01-24T00:00:00.000Z,2,9.5,5.07,4.19,5.99,1.657,280
2021-01-25T00:00:00.000Z,1,5.6,1.7,1.4,2.1,0.487,242
2021-01-26T00:00:00.000Z,0.9,3.23,1.7,1.23,2.2,0.581,255
2021-01-27T00:00:00.000Z,1.2,12.43,2.5,2.04,3.49,2.783,229
2021-01-28T00:00:00.000Z,1.6,11.43,3.2,2.6,4.13,2.775,278
2021-01-29T00:00:00.000Z,2.8,6.47,4.5,3.9,5.23,0.844,218
2021-01-30T00:00:00.000Z,1.1,3.83,2.6,2.2,2.93,0.532,250
2021-01-31T00:00:00.000Z,1.1,13.17,2.17,1.63,5.2,3.156,262
2021-02-01T00:00:00.000Z,1.3,22.73,5.23,2.9,17.13,7.129,207
2021-02-02T00:00:00.000Z,1,16.73,3.4,2.6,5,4.176,242
2021-02-03T00:00:00.000Z,3.2,5.83,4.37,4,4.76,0.577,122
2021-02-04T00:00:00.000Z,1.8,4.83,2.52,2.27,2.93,0.709,265
2021-02-05T00:00:00.000Z,1.2,12.7,4.3,2.48,4.93,2.289,237
2021-02-06T00:00:00.000Z,1.2,5.6,2.1,1.73,2.7,0.668,245
2021-02-07T00:00:00.000Z,0.9,5.03,2.1,1.4,2.5,0.703,237
2021-02-08T00:00:00.000Z,0.87,4.5,1.67,1.4,1.9,0.379,259
2021-02-09T00:00:00.000Z,0.7,3.17,1.63,1.2,2.09,0.53,240
2021-02-10T00:00:00.000Z,1.03,3.8,2,1.7,2.43,0.559,243
2021-02-11T00:00:00.000Z,0.93,4.26,1.85,1.6,2.43,0.617,226
2021-02-12T00:00:00.000Z,0.9,6.33,1.8,1.4,2.38,0.757,268
2021-02-13T00:00:00.000Z,0.5,5.5,1.14,1,1.4,0.445,260
2021-02-14T00:00:00.000Z,0.56,4.8,1.1,0.9,1.55,0.94,236
2021-02-15T00:00:00.000Z,1.33,10.43,2.93,2.23,3.8,1.14,247
2021-02-16T00:00:00.000Z,1.2,4.2,2.73,2,3.1,0.719,233
2021-02-17T00:00:00.000Z,1,6.37,1.67,1.4,1.9,0.55,232
2021-02-18T00:00:00.000Z,1,10.27,2.29,1.57,3.53,1.984,270
2021-02-19T00:00:00.000Z,9.43,38.33,19.8,15.3,28.1,7.292,227
2021-02-20T00:00:00.000Z,2.6,17.93,4.7,4,7.1,3.932,250
2021-02-21T00:00:00.000Z,3.5,14.07,9.27,4.88,10.17,2.715,245
2021-02-22T00:00:00.000Z,4.3,25.67,8.86,7.12,10.15,2.849,213
2021-02-23T00:00:00.000Z,6.67,73.3,17.22,11.37,34.27,15.371,224
2021-02-24T00:00:00.000Z,3.5,28.63,11.29,7.19,21.05,7.199,236
2021-02-25T00:00:00.000Z,2.77,11.43,4.92,3.93,6.3,1.431,154
2024-12-08T00:00:00.000Z,0.63,11.07,8.93,8.3,9.47,3.25,93
2024-12-09T00:00:00.000Z,1.1,9.77,1.9,1.6,2.6,1.379,583
2024-12-10T00:00:00.000Z,1.27,3.3,2.02,1.83,2.27,0.327,972
2024-12-11T00:00:00.000Z,1.1,13.5,2.29,1.8,3.72,2.222,1363
2024-12-12T00:00:00.000Z,1.1,23.3,1.87,1.6,3.7,4.762,1374
2024-12-13T00:00:00.000Z,1.47,16.6,3.73,2.9,5.07,2.643,1283
2024-12-14T00:00:00.000Z,0.5,10.93,2.06,1.1,5.63,2.701,1239
2024-12-15T00:00:00.000Z,0.4,5.6,1.5,0.9,1.93,0.975,1407
2024-12-16T00:00:00.000Z,0.4,3.03,1.1,0.7,1.7,0.578,1183
2024-12-17T00:00:00.000Z,0.4,4.8,1.1,0.9,1.4,0.511,1232
2024-12-18T00:00:00.000Z,0.6,16.38,1.7,1.4,4.43,3.578,1270
2024-12-19T00:00:00.000Z,1,4.75,2.84,2.37,3.3,0.718,570
2024-12-20T00:00:00.000Z,0.8,3.63,1.63,1.3,2,0.525,1044
2024-12-21T00:00:00.000Z,0.63,19.23,2.1,1.5,2.9,2.377,1253
2024-12-22T00:00:00.000Z,0.93,14.8,3.1,2.29,5.43,2.941,1411
2024-12-23T00:00:00.000Z,2.29,27.87,5.93,4.07,15.49,7.275,1365
2024-12-24T00:00:00.000Z,1.3,23.33,3.33,2.29,4.8,2.694,1354
2024-12-25T00:00:00.000Z,0.8,3.43,1.8,1.5,2.13,0.439,1409
2024-12-26T00:00:00.000Z,0.77,8.07,1.6,1.33,2.02,0.916,1406
2024-12-27T00:00:00.000Z,0.6,11.43,1.4,1.07,2.4,0.997,1410
2024-12-28T00:00:00.000Z,0.9,6.17,2.8,1.7,3.88,1.24,1412
2024-12-29T00:00:00.000Z,0.5,4.09,1.1,0.8,1.8,0.732,1158
2024-12-30T00:00:00.000Z,0.4,8.98,1.4,0.7,2.17,1.343,604
2024-12-31T00:00:00.000Z,0.7,30.13,1.44,1.17,4.53,3.326,966
2025-01-01T00:00:00.000Z,0.7,7.43,1.4,1.23,1.6,0.404,1342
2025-01-02T00:00:00.000Z,0.6,5.5,1.2,1,2.2,1,1408
2025-01-03T00:00:00.000Z,0.73,12.9,1.9,1.4,3.27,2.144,1376
2025-01-04T00:00:00.000Z,0.5,5.7,1.7,1,2.23,0.761,1412
2025-01-05T00:00:00.000Z,1.07,43.67,3.97,1.9,14.3,8.724,1390
2025-01-06T00:00:00.000Z,1,17.23,3.43,2.29,5.47,2.609,1408
2025-01-07T00:00:00.000Z,0.47,5.6,2,1.6,2.4,0.76,1410
2025-01-08T00:00:00.000Z,1.1,6.95,2.33,2.1,2.6,0.841,1405
2025-01-09T00:00:00.000Z,1.2,15.9,4.38,2.02,5.75,2.104,1404
2025-01-10T00:00:00.000Z,1.2,9.73,3.7,2.4,4.2,1.37,1394
2025-01-11T00:00:00.000Z,0.83,2.78,1.7,1.3,1.97,0.394,1402
2025-01-12T00:00:00.000Z,0.67,5,1.35,1.1,1.95,0.791,1403
2025-01-13T00:00:00.000Z,0.7,3.15,1.6,1.4,1.93,0.447,1282
2025-01-14T00:00:00.000Z,1.07,3.47,2.23,1.9,2.5,0.452,963
2025-01-15T00:00:00.000Z,0.8,3.77,1.6,1.37,1.9,0.463,1408
2025-01-16T00:00:00.000Z,0.6,5.03,1.7,1,2.77,1.028,1400
2025-01-17T00:00:00.000Z,2.37,8.52,4.38,3.45,5.53,1.306,1384
2025-01-18T00:00:00.000Z,1.67,10.8,4.7,4.13,5.27,0.991,1378
2025-01-19T00:00:00.000Z,0.7,8.36,4.2,3.22,5.09,1.504,1379
2025-01-20T00:00:00.000Z,0.9,7.07,3.53,2.7,4.4,1.268,1381
2025-01-21T00:00:00.000Z,0.8,29,5.74,2.29,8.23,6.645,1388
2025-01-22T00:00:00.000Z,3,17.82,12.03,8.18,14.37,3.633,1383
2025-01-23T00:00:00.000Z,3.4,22.4,7.25,5.47,9.73,3.569,1385
2025-01-24T00:00:00.000Z,1.1,15.48,4.8,2.35,6.8,3.328,1343
2025-01-25T00:00:00.000Z,1.33,9.05,4.09,3.28,4.9,1.327,1266
2025-01-26T00:00:00.000Z,1.8,14.57,2.7,2.29,3.74,3.444,453
2025-01-27T00:00:00.000Z,0.5,14.33,4.13,2.27,7.21,3.538,1140
2025-01-28T00:00:00.000Z,1.83,13.7,4.93,3.47,6.81,2.483,1416
2025-01-29T00:00:00.000Z,1.1,14.43,4.5,2.35,6.87,2.494,1293
2025-01-30T00:00:00.000Z,0.8,7.63,1.93,1.4,3.93,1.508,1013
2025-01-31T00:00:00.000Z,0.8,5.9,2.47,1.93,3.27,0.973,1114
2025-02-01T00:00:00.000Z,0.4,8.43,1.17,0.9,1.88,0.94,851
2025-02-02T00:00:00.000Z,0.77,5.9,2,1.42,2.77,0.784,1201
2025-02-03T00:00:00.000Z,0.63,22.8,1.83,1.12,2.9,1.555,1392
2025-02-04T00:00:00.000Z,1.07,22.98,13.72,2.06,17.27,7.392,1398
2025-02-05T00:00:00.000Z,1.7,25.13,9.6,2.47,14.03,6.759,1391
2025-02-06T00:00:00.000Z,1.2,11.4,1.9,1.63,3.3,2.551,1399
2025-02-07T00:00:00.000Z,1.37,11.43,4.2,2.43,6.77,2.426,1199
2025-02-08T00:00:00.000Z,2.97,9.33,5.8,4.3,6.43,1.242,1269
2025-02-09T00:00:00.000Z,4.63,13.53,7.5,6.8,8.77,1.5,1260
2025-02-10T00:00:00.000Z,3.33,15.97,8.13,5.7,9.98,2.498,1340
2025-02-11T00:00:00.000Z,1.3,15.48,5.77,3.4,9.44,3.419,697
2025-02-12T00:00:00.000Z,1.3,10.3,4.59,2.58,6.18,1.984,1234
2025-02-13T00:00:00.000Z,0.93,6.33,1.8,1.5,3.27,1.323,1171
2025-02-14T00:00:00.000Z,0.85,11.53,1.57,1.35,1.83,0.699,647
2025-02-15T00:00:00.000Z,0.56,5.38,1.9,1.4,2.22,0.575,1035
2025-02-16T00:00:00.000Z,0.9,14.93,1.45,1.3,1.63,0.62,776
2025-02-17T00:00:00.000Z,0.4,66.97,0.93,0.8,1.77,8.883,858
2025-02-18T00:00:00.000Z,0.5,13.8,1.85,1.3,3.15,2.199,1006
2025-02-19T00:00:00.000Z,0.7,26.33,3.37,1.24,6.65,5.1,1376
2025-02-20T00:00:00.000Z,0.8,21.9,2.54,2,3.42,1.505,1362
2025-02-21T00:00:00.000Z,4.97,52.87,28.35,24.35,31.1,10.13,1353
2025-02-22T00:00:00.000Z,15.47,57.9,37.5,33.67,41.1,7.22,1382
2025-02-23T00:00:00.000Z,2.7,39.57,27.64,15.92,31.7,10.829,1396
2025-02-24T00:00:00.000Z,1.1,15.4,6.23,4,8.69,3.006,1380
2025-02-25T00:00:00.000Z,4.33,55.58,14.3,9.33,19.7,6.854,1362
2025-02-26T00:00:00.000Z,1.17,6.87,2.1,1.79,3.67,1.228,1384
2025-02-27T00:00:00.000Z,1.6,67.67,2.8,2.27,3.4,3.338,984
2025-02-28T00:00:00.000Z,1.5,4.87,3.47,3.13,3.8,0.515,240
2025-03-01T00:00:00.000Z,2.35,46.5,4.68,3.9,5.4,2.985,930
2025-03-02T00:00:00.000Z,1.1,79.7,1.83,1.57,2.27,4.572,1380
2025-03-03T00:00:00.000Z,1.2,4.22,2.37,2.06,2.73,0.469,1370
2025-03-04T00:00:00.000Z,1.5,84.27,2.6,2.2,3.03,7.038,1351
2025-03-05T00:00:00.000Z,1.7,5.17,3.27,2.9,3.57,0.522,1370
2025-03-06T00:00:00.000Z,2.5,86.23,3.4,3.17,3.67,4.838,354
2025-03-09T00:00:00.000Z,3,14.63,7.97,6.7,9.5,2.504,852
2025-03-10T00:00:00.000Z,0.9,76.5,5.6,1.7,9.33,5.277,1346
2025-03-11T00:00:00.000Z,0.63,1.93,1.17,1.03,1.27,0.173,1376
2025-03-12T00:00:00.000Z,1.1,9.8,2.5,1.6,6.7,2.711,1392
2025-03-13T00:00:00.000Z,1.93,14.9,4.2,3.4,4.95,1.389,887
2025-03-14T00:00:00.000Z,0.6,15.27,1.98,1.1,4.75,3.686,544
2025-03-15T00:00:00.000Z,4.18,7.1,5.7,5,6.7,0.881,15
2025-03-18T00:00:00.000Z,0.63,1.37,0.9,0.8,0.97,0.124,163
2025-03-19T00:00:00.000Z,0.5,43.2,1.2,1,2.52,1.737,1411
2025-03-20T00:00:00.000Z,0.9,7.23,2,1.73,2.29,0.559,1351
2025-03-21T00:00:00.000Z,0.63,8.69,1.73,1.2,2.9,1.181,1414
2025-03-22T00:00:00.000Z,1.3,12.63,3.7,2.47,5.4,1.704,1417
2025-03-23T00:00:00.000Z,2,12.87,3.2,2.77,3.87,1.215,1414
2025-03-24T00:00:00.000Z,2.2,13.17,7.33,3.43,8.8,2.955,1412
2025-03-25T00:00:00.000Z,4.7,22.1,10.13,6.97,14.37,4.548,1415
2025-03-26T00:00:00.000Z,1.2,17.5,2.38,1.9,3.6,3.508,1404
2025-03-27T00:00:00.000Z,1.6,3.87,2.29,2.06,2.6,0.415,534
2025-03-28T00:00:00.000Z,2.2,84.23,6.73,3.6,13,7.934,1083
2025-03-29T00:00:00.000Z,4.23,61.23,8.13,6.37,13.45,5.228,1353
2025-03-30T00:00:00.000Z,0.8,6.3,2.2,1.8,2.67,1.085,806
2025-03-31T00:00:00.000Z,0.7,2.6,1.58,1.3,1.83,0.361,1247
2025-04-01T00:00:00.000Z,0.7,7.9,1.7,1.2,3.07,1.24,486
2025-04-02T00:00:00.000Z,1.43,17.39,4.2,3.07,5.59,2.169,429
2025-04-03T00:00:00.000Z,0.87,56.28,2.6,1.4,5.78,4.295,1386
2025-04-04T00:00:00.000Z,0.7,144.63,1.27,1.1,1.43,11.257,766
2025-06-26T00:00:00.000Z,1.3,6.93,1.9,1.63,2.67,0.62,646
2025-06-27T00:00:00.000Z,0.9,5.97,2.57,1.7,3.4,1.075,1411
2025-06-28T00:00:00.000Z,1.1,5.6,2.57,1.6,3.17,1.092,1415
2025-06-29T00:00:00.000Z,1.57,11.55,2.99,2.4,4.03,0.979,1032
2025-07-03T00:00:00.000Z,0.3,8.17,1.4,0.9,2.88,2.178,1049
2025-07-04T00:00:00.000Z,0.6,46.73,1.5,1.1,2.5,2.603,1410
2025-07-05T00:00:00.000Z,1.5,72.59,3.2,2.5,3.97,2.818,1416
2025-07-06T00:00:00.000Z,1.47,78.17,2.67,2.1,3.45,3.17,1293
2025-07-07T00:00:00.000Z,1.2,10.52,2.2,1.8,3.3,1.064,1414
2025-07-08T00:00:00.000Z,1,63.4,1.97,1.55,2.5,2.398,1417
2025-07-09T00:00:00.000Z,1.3,34.33,3.9,2.57,5.3,2.438,1415
2025-07-10T00:00:00.000Z,2.02,31.85,4.43,2.9,6.1,2.864,1419
2025-07-11T00:00:00.000Z,3,83.33,7.12,5.97,8.63,5.249,1416
2025-07-12T00:00:00.000Z,5.7,31.83,10.74,7.63,14.45,4.357,1416
2025-07-13T00:00:00.000Z,2.6,20.32,6,4.67,7.4,2.102,1412
2025-07-14T00:00:00.000Z,4,157.63,11.57,10.07,13.17,7.409,1416
2025-07-15T00:00:00.000Z,3.8,78.65,8.13,5.78,10.3,5.368,1418
2025-07-16T00:00:00.000Z,3.67,39.63,8.05,6.9,9.23,2.263,1421
2025-07-17T00:00:00.000Z,2.65,297.55,3.8,3.33,4.2,14.122,1417
2025-07-18T00:00:00.000Z,2.33,97.13,4.7,3.2,5.93,3.698,1418
2025-07-19T00:00:00.000Z,2.35,49.22,4.97,4.38,5.5,2.055,1417
2025-07-20T00:00:00.000Z,2.9,61.72,4.63,4.13,5.27,3.842,1401
2025-07-21T00:00:00.000Z,3.28,7.1,5.3,4.8,5.7,0.641,1413
2025-07-22T00:00:00.000Z,2.92,9.98,5.68,4.7,6.76,1.264,1417
2025-07-23T00:00:00.000Z,4.45,16.55,7.25,6.38,8.3,1.386,1415
2025-07-24T00:00:00.000Z,4.57,25.48,7.57,6.18,9.69,2.372,1416
2025-07-25T00:00:00.000Z,1.6,55.1,5.09,4.13,9.98,3.522,1419
2025-07-26T00:00:00.000Z,5.33,18.67,9.63,8.8,11.4,1.938,1417
2025-07-27T00:00:00.000Z,3.5,11.07,5.8,4.9,7.33,1.623,1412
2025-07-28T00:00:00.000Z,2.97,142.07,6.3,5.22,7.77,5.922,1416
2025-07-29T00:00:00.000Z,0.9,12.23,4.4,2.29,7.2,2.816,1419
2025-07-30T00:00:00.000Z,2.54,211.6,4.67,3.83,5.3,34.173,1421
2025-07-31T00:00:00.000Z,2.7,9.63,4.38,3.9,5.07,1.2,1411
2025-08-01T00:00:00.000Z,2.97,137.3,5.53,4.67,6.37,13.107,1411
2025-08-02T00:00:00.000Z,1.65,238.18,4.07,2.67,6.17,53.448,1421
2025-08-03T00:00:00.000Z,52.73,150.3,142.3,130.08,144.69,21.826,25
2025-08-11T00:00:00.000Z,1.3,2.8,2.06,1.8,2.29,0.342,308
2025-08-12T00:00:00.000Z,1.14,3.5,2.17,1.72,2.4,0.42,1417
2025-08-13T00:00:00.000Z,2.1,5.17,2.8,2.58,3.2,0.509,1383
2025-08-14T00:00:00.000Z,2.1,5.43,3.5,2.97,4.22,0.701,1355
2025-08-15T00:00:00.000Z,1,8.27,4.3,3.55,4.95,1.476,1144
2025-08-16T00:00:00.000Z,0.3,1.47,0.7,0.6,0.8,0.169,1379
2025-08-17T00:00:00.000Z,0.47,1.97,1.1,0.83,1.3,0.285,1408
2025-08-18T00:00:00.000Z,1.2,3.7,1.77,1.6,2.13,0.365,1405
2025-08-19T00:00:00.000Z,0.5,2.93,1,0.8,1.8,0.582,1416
2025-08-20T00:00:00.000Z,0.47,27.97,0.9,0.8,1.1,1.153,1377
2025-08-21T00:00:00.000Z,0.6,2.9,1.2,1,1.6,0.407,885
2025-08-22T00:00:00.000Z,0.5,3.47,1.03,0.9,1.2,0.288,903
2025-08-23T00:00:00.000Z,0.53,38.67,1,0.87,1.2,1.127,1402
2025-08-24T00:00:00.000Z,0.5,59.37,0.9,0.7,1.89,1.914,1413
2025-08-25T00:00:00.000Z,0.5,7.1,1,0.8,1.1,0.515,1409
2025-08-26T00:00:00.000Z,0.6,62.43,1.1,1,1.7,1.789,1410
2025-08-27T00:00:00.000Z,0.63,57.43,1.33,1,1.87,2.118,1412
2025-08-28T00:00:00.000Z,1.3,26.8,2.43,1.97,2.97,1.323,1153
2025-08-29T00:00:00.000Z,1.8,8.67,4.23,3.1,5.87,1.545,1078
2025-08-30T00:00:00.000Z,2,5.67,3.3,2.83,3.9,0.727,1417
2025-08-31T00:00:00.000Z,3.57,12.67,6,4.7,7.2,1.972,1412
2025-09-01T00:00:00.000Z,4.09,12.27,6.3,5.33,7.33,1.287,1405
2025-09-02T00:00:00.000Z,2.87,8.93,4.07,3.7,5.4,1.315,1415
2025-09-03T00:00:00.000Z,1.43,14,3.7,2.5,5.67,2.503,1412
2025-09-04T00:00:00.000Z,1.83,9.36,3.77,2.72,5.03,1.378,1409
2025-09-05T00:00:00.000Z,1.2,10.17,5.5,2.25,6.8,2.318,1097
2025-09-06T00:00:00.000Z,6.07,8.86,7.17,6.62,7.4,0.705,13
2025-09-07T00:00:00.000Z,1.9,5.57,3.37,2.8,3.83,0.782,614
2025-09-08T00:00:00.000Z,2.47,13.43,6.93,3.1,8.86,3.097,651
2025-09-09T00:00:00.000Z,5.18,14.33,8.76,6.97,10.1,1.968,1368
2025-09-10T00:00:00.000Z,4.88,37.2,8.43,7.5,10.3,2.839,1289
2025-09-11T00:00:00.000Z,4.57,55.17,10.93,9.67,12,2.369,1331
2025-09-12T00:00:00.000Z,1.43,19.5,2.87,2.27,6.57,2.738,1415
2025-09-13T00:00:00.000Z,1,4.76,2,1.6,2.23,0.449,1419
2025-09-14T00:00:00.000Z,1,10.7,3.17,2.49,5.09,2.285,1412
2025-09-15T00:00:00.000Z,0.9,5,2.37,1.5,3,0.874,1171
2025-09-16T00:00:00.000Z,1,83.9,1.93,1.63,2.23,6.23,1409
2025-09-17T00:00:00.000Z,1.3,103.5,2.8,2.2,5.2,4.205,1415
2025-09-18T00:00:00.000Z,1.5,53.67,4.26,3.07,6.53,3.251,1407
2025-09-19T00:00:00.000Z,1.5,4.37,2.43,2.17,2.87,0.469,1348
2025-09-20T00:00:00.000Z,1.9,7.73,2.93,2.5,3.87,1.563,1097
2025-09-21T00:00:00.000Z,1,7.8,4.4,2.6,5.37,1.753,1410
2025-09-22T00:00:00.000Z,0.4,13.63,0.9,0.7,1.1,0.646,1398
2025-09-23T00:00:00.000Z,0.4,24.47,0.93,0.8,1.3,1.133,1404
2025-09-24T00:00:00.000Z,0.5,16.32,1.27,0.83,5.54,2.884,1404
2025-09-25T00:00:00.000Z,0.6,151.47,1.9,0.9,3.47,4.716,1241
2025-09-26T00:00:00.000Z,1.03,8.57,2.6,1.9,4.59,1.719,1394
2025-09-27T00:00:00.000Z,1.03,5.57,2.9,1.9,3.5,0.955,1405
2025-09-28T00:00:00.000Z,0.9,8.27,2.1,1.8,2.9,1.325,1230
2025-09-29T00:00:00.000Z,0.8,6.8,1.37,1.2,1.63,0.889,1402
2025-09-30T00:00:00.000Z,1,17.13,1.6,1.4,2.8,1.241,1402
2025-10-01T00:00:00.000Z,1.8,15.57,3.45,2.9,4.7,2.439,1298
2025-10-02T00:00:00.000Z,1.7,10.63,5.09,3.59,6.47,1.836,1320
2025-10-03T00:00:00.000Z,2,7.9,3.27,2.77,4.9,1.299,1311
2025-10-04T00:00:00.000Z,1.6,64.9,3.33,2.7,5.5,4.285,1376
2025-10-05T00:00:00.000Z,1,4.7,1.8,1.6,2.29,0.583,1399
2025-10-06T00:00:00.000Z,1.17,8.43,2.7,2.1,3.97,1.667,1402
2025-10-07T00:00:00.000Z,0.9,7.4,2.1,1.7,3.9,1.366,1387
2025-10-08T00:00:00.000Z,0.73,4.13,1.9,1.6,2.27,0.552,1405
2025-10-09T00:00:00.000Z,1.07,14.03,2,1.63,2.5,0.738,1400
2025-10-10T00:00:00.000Z,1,7.63,2.02,1.7,2.5,0.633,1392
2025-10-11T00:00:00.000Z,1.1,25.13,2.37,1.93,4.8,2.487,1405
2025-10-12T00:00:00.000Z,0.7,15.77,1.1,1,1.23,0.706,1391
2025-10-13T00:00:00.000Z,0.67,8.9,1,0.9,1.2,0.654,1403
2025-10-14T00:00:00.000Z,0.77,4.23,1.3,1.1,2.02,0.733,1339
2025-10-15T00:00:00.000Z,1,7.13,1.67,1.47,2.06,0.48,1309
2025-10-16T00:00:00.000Z,1.17,5.47,2.2,1.9,2.47,0.522,1161
2025-10-17T00:00:00.000Z,0.77,4.25,1.37,1.17,1.6,0.347,1352
2025-10-18T00:00:00.000Z,0.87,43.57,1.6,1.2,10.47,8.227,1384
2025-10-19T00:00:00.000Z,1.17,15.37,2.87,1.7,4.5,2.299,1408
2025-10-20T00:00:00.000Z,0.9,72.83,1.9,1.43,2.47,2.991,1411
2025-10-21T00:00:00.000Z,1.9,38.6,5.53,3.97,6.53,3.159,1413
2025-10-22T00:00:00.000Z,7.33,94,20.85,16.72,25.97,7.857,1408
2025-10-23T00:00:00.000Z,3,35.77,16.92,12.7,21.5,6.553,1410
2025-10-24T00:00:00.000Z,2.83,93.17,13.57,9.6,19.13,9.02,1414
2025-10-25T00:00:00.000Z,1.9,133.47,4.13,2.83,6.9,19.25,1409
2025-10-26T00:00:00.000Z,1.9,129.22,4.5,3.5,6.37,19.899,1418
2025-10-27T00:00:00.000Z,1.5,140.47,6.97,3.9,15.5,29.941,1119
2025-10-28T00:00:00.000Z,1.6,181.77,3.9,2.9,4.7,6.894,1416
2025-10-29T00:00:00.000Z,2.1,58.33,5.33,4.1,10.6,7.921,1415
2025-10-30T00:00:00.000Z,2,22.7,4.5,3.37,5.8,1.689,1413
2025-10-31T00:00:00.000Z,0.87,12.57,1.8,1.4,2.8,1.297,1415
2025-11-01T00:00:00.000Z,1.13,13.13,2.23,1.5,3.7,1.439,839